verify_1a	0
verify_1b	0
verify_1c	0
verify_1d	0
verify_1d_contact_ai	0
verify_1d_feedback	0
verify_1d_play_feedback	0
verify_1e	0
verify_1f	0
verify_1g	0
verify_1g_combat_feel	0
verify_1g_soak	0
verify_audit_feedback	0
verify_behavior_mods	0
verify_boss_boundary_continuity	0
verify_boss_counterplay	0
verify_boss_encounter	0
verify_boss_hit_continuity	0
verify_boss_phases	0
verify_boss_pressure_contract	0
verify_boss_visibility	0
verify_canal_city	0
verify_canal_overhead_occlusion	0
verify_card_choice_trial	0
verify_card_diversity	0
verify_counter_reward	0
verify_damage_cap_trial	0
verify_discovery_ui	0
verify_encounter_variation	0
verify_enemy_rewards	0
verify_enemy_role_visual	0
verify_future_save_guard	0
verify_future_save_ui	0
verify_garden_transition	0
verify_gather_safety	0
verify_growth_expansion	0
verify_growth_rewards	0
verify_hub_layout	0
verify_hud_clarity	0
verify_hybrid_combat_feedback	0
verify_hybrid_corner_ai	0
verify_hybrid_feedback	0
verify_hybrid_growth	0
verify_hybrid_height	0
verify_hybrid_region	0
verify_hybrid_roles	0
verify_jungle_pass	0
verify_jungle_route	0
verify_jungle_section	0
verify_jungle_warden	0
verify_meta_expansion	0
verify_meta_preparation	0
verify_moving_slash_lab	0
verify_opening_temple_environment	0
verify_permanent_growth_ui	0
verify_permanent_growth_v7	0
verify_play_settings	0
verify_result_clarity	0
verify_run_diagnostics	0
verify_run_profile	0
verify_slash_chain_cap_trial	0
verify_stage2_loop	0
verify_surface_overlap	0
verify_temple_environment	0
verify_temple_occlusion_candidate	0
verify_temple_section	0
verify_terrain_coherence	0
verify_travel_camp	0
verify_ui_flow	0
verify_unlock_notice	0
verify_v25_feedback	0
verify_variety_trial	0
